ID AFP,Nombre,Cantidad afiliados,Porcentaje total,Capital de inversión,Comisión anual,Rentabilidad fondo A,Rentabilidad fondo B,Rentabilidad fondo C,Rentabilidad fondo D,Rentabilidad fondo E
0,Modelo,357,17.841079460269864,7267958798,0.077,0.382,0.317,0.321,0.29,0.266
1,Capital,337,16.8415792103948,7109333181,0.144,0.399,0.379,0.381,0.324,0.316
2,Cuprum,362,18.09095452273863,6963012293,0.144,0.418,0.391,0.393,0.344,0.298
3,Habitat,330,16.49175412293853,6985006133,0.127,0.43,0.418,0.425,0.37,0.336
4,Planvital,313,15.642178910544727,5989086830,0.116,0.343,0.317,0.321,0.29,0.266
5,Provida,302,15.092453773113442,6288329656,0.145,0.383,0.357,0.35,0.299,0.272
