Nombre,Cantidad afiliados,Porcentaje total,Capital de inversión,Comisión anual,Rentabilidad fondo A,Rentabilidad fondo B,Rentabilidad fondo C,Rentabilidad fondo D,Rentabilidad fondo E
Modelo,357,17.841079460269864,7267958798,0.077,0.382,0.317,0.321,0.29,0.266
Capital,337,16.8415792103948,7109333181,0.14400000000000002,0.39899999999999997,0.379,0.381,0.324,0.316
Cuprum,362,18.090954522738627,6963012293,0.14400000000000002,0.418,0.391,0.39299999999999996,0.344,0.298
Habitat,330,16.49175412293853,6985006133,0.127,0.43,0.418,0.425,0.37,0.336
Planvital,313,15.642178910544727,5989086830,0.11599999999999999,0.34299999999999997,0.317,0.321,0.29,0.266
Provida,302,15.092453773113444,6288329656,0.145,0.38299999999999995,0.35700000000000004,0.35,0.299,0.272
